,MAE_train,Pearsonr_train,MAE_val,Pearsonr_val,MAE_test,Pearsonr_test,MAE_cv
rfreg_morgan256,0.5166492084582578,0.9734671534807481,1.3941868986710704,0.45780238168705817,1.5448392948592822,0.23329965873862982,
rfreg_gridsearch,0.5053906449421315,0.9785849495533185,0.5041249027576509,0.9748850489402497,1.514730143970545,0.27194350812600426,1.3898949577450517
mlp_gridsearch,1.3833715915679932,0.5903356792243454,1.3710646629333496,0.5618113787613049,1.5020897388458252,0.27618267633158944,1.5172853469848633
mlp_morgan256,1.402282953262329,0.564091472994918,1.3803825378417969,0.5398367804990076,1.489376187324524,0.2893017007313158,
